{"count":1,"self":166.5512832,"total":773.406399,"children":{"InitializeActuators":{"count":42,"self":0.0009988,"total":0.0009988,"children":null},"InitializeSensors":{"count":42,"self":0.0039886999999999995,"total":0.0039886999999999995,"children":null},"AgentSendState":{"count":119201,"self":103.22891519999999,"total":142.0888019,"children":{"CollectObservations":{"count":1001322,"self":3.6226124,"total":3.6226125,"children":null},"WriteActionMask":{"count":1001322,"self":1.85429,"total":1.8542899,"children":null},"RequestDecision":{"count":1001322,"self":7.8433376,"total":33.3829839,"children":{"AgentInfo.ToProto":{"count":1001322,"self":5.452652,"total":25.539646299999998,"children":{"GenerateSensorData":{"count":1001322,"self":15.328102399999999,"total":20.0869943,"children":{"RayPerceptionSensor.Perceive":{"count":1001322,"self":4.7588916,"total":4.7588916,"children":null}}}}}}}}},"DecideAction":{"count":119201,"self":453.88221439999995,"total":453.8822184,"children":null},"AgentAct":{"count":119201,"self":10.4813416,"total":10.4813418,"children":null},"AgentInfo.ToProto":{"count":9482,"self":0.1111745,"total":0.3967669,"children":{"GenerateSensorData":{"count":9482,"self":0.2297446,"total":0.28559239999999997,"children":{"RayPerceptionSensor.Perceive":{"count":9482,"self":0.055847799999999996,"total":0.055847799999999996,"children":null}}}}}},"gauges":{"PopoBrain.CumulativeReward":{"count":9482,"max":23.9999924,"min":-0.9,"runningAverage":9.871407,"value":9.3,"weightedAverage":14.0054245}},"metadata":{"timer_format_version":"0.1.0","start_time_seconds":"1673698343","unity_version":"2021.3.16f1","command_line_arguments":"D:\\Programe\\Unity\\Editor\\2021.3.16f1\\Editor\\Unity.exe -projectpath D:\\Proiecte\\Unity\\PoposFarmAI -useHub -hubIPC -cloudEnvironment production -licensingIpc LicenseClient-Alex -hubSessionId 1c72ebf0-93e9-11ed-9424-dd8e0fb48075","communication_protocol_version":"1.5.0","com.unity.ml-agents_version":"2.0.1","scene_name":"TrainingScene","end_time_seconds":"1673699116"}}